code,name,category,online,places
155,Acacies,ESCOLES 26/27,Sí,19
156,Poblenou,ESCOLES 26/27,Sí,53
157,Sant marti Dimarts,ESCOLES 26/27,Sí,24
158,Marianistes,ESCOLES 26/27,Sí,24
159,Casas Dilluns,ESCOLES 26/27,Sí,18
160,Elvira cuias Dimecres,ESCOLES 26/27,Sí,10
161,Thau Dilluns,ESCOLES 26/27,No,29
162,Mare Nostrum,ESCOLES 26/27,Sí,20
163,Dominiques Dilluns,ESCOLES 26/27,Sí,28
164,Llacuna Dimecres,ESCOLES 26/27,Sí,8
165,Montseny Dilluns,ESCOLES 26/27,Sí,13
166,Montseny Dimecres,ESCOLES 26/27,No,13
167,Marbella Dilluns,ESCOLES 26/27,Sí,16
168,Marbella Dijous,ESCOLES 26/27,Sí,15
169,Sant marti Dimecres,ESCOLES 26/27,Sí,33
171,Rambleta del Clot,ESCOLES 26/27,Sí,28
172,Llacuna Divendres,ESCOLES 26/27,Sí,10
174,Escola Voramar,ESCOLES 26/27,Sí,22
175,Escola Gaia Dimarts,ESCOLES 26/27,Sí,16
176,Escola Auditori Dimarts,ESCOLES 26/27,Sí,26
177,Dominiques Dimecres,ESCOLES 26/27,Sí,0
178,Escola Gaia Dijous,ESCOLES 26/27,Sí,14
180,Escola Farigola Dijous,ESCOLES 26/27,Sí,39
181,Eulalia Bota Dijous,ESCOLES 26/27,Sí,22
182,Escola La Flor de Maig Dijous,ESCOLES 26/27,Sí,39
183,Escola Gaia Divendres,ESCOLES 26/27,Sí,18
222,La Salle,ESCOLES 26/27,Sí,29
223,Pere IV Dimecres,ESCOLES 26/27,Sí,14
225,Pere IV Dilluns,ESCOLES 26/27,Sí,16
